{
  "project_info": {
    "project_number": "199594062544",
    "project_id": "my-iuea-application",
    "storage_bucket": "my-iuea-application.appspot.com"
  },
  "client": [
    {
      "client_info": {
        "mobilesdk_app_id": "1:199594062544:android:35744f21b8a55c8254e4d5",
        "android_client_info": {
          "package_name": "com.example.myiueaapplication"
        }
      },
      "oauth_client": [],
      "api_key": [
        {
          "current_key": "AIzaSyAtHNNDUURs2mZuncYupZGmPk8JkXOIKOA"
        }
      ],
      "services": {
        "appinvite_service": {
          "other_platform_oauth_client": []
        }
      }
    }
  ],
  "configuration_version": "1"
}